,date,open,high,low,close,adjClose,volume
0,2013-01-06,107.91,107.96,106.21,106.49,84.69,7419328
1,2013-01-13,106.5,106.98,106.37,106.91,85.02,3512300
2,2013-01-20,107.02,107.34,106.67,107.08,85.16,2930700
3,2013-01-27,106.87,107.35,106.26,106.33,84.56,2145900
4,2013-02-03,105.89,106.43,105.56,105.6,84.09,5752167
5,2013-02-10,105.93,106.45,105.73,106.28,84.63,4230700
6,2013-02-17,106.2,106.31,105.64,106.04,84.44,3370700
7,2013-02-24,106.19,106.5,105.79,106.44,84.76,2462500
8,2013-03-03,106.17,107.38,106.16,107.3,85.55,5579600
9,2013-03-10,107.22,107.26,105.57,105.65,84.23,4345400
10,2013-03-17,105.75,106.32,105.65,106.3,84.75,4849700
11,2013-03-24,106.68,107.11,106.49,106.89,85.22,3696800
12,2013-03-31,106.71,107.66,106.68,107.34,85.58,1867900
13,2013-04-07,107.22,108.7,107.22,108.49,86.61,5938600
14,2013-04-14,108.43,108.51,107.71,108.45,86.58,3666800
15,2013-04-21,108.4,108.81,108.33,108.58,86.69,4258400
16,2013-04-28,108.63,109.04,108.39,108.89,86.93,1835700
17,2013-05-05,108.96,109.17,108.05,108.12,86.43,4167100
18,2013-05-12,108.15,108.24,107.08,107.33,85.79,3209400
19,2013-05-19,107.1,107.62,106.67,106.92,85.47,3126400
20,2013-05-26,107.09,107.44,106.13,106.42,85.07,5067900
21,2013-06-02,106.08,106.15,104.83,105.32,84.19,4962800
22,2013-06-09,104.98,106.33,104.22,104.88,83.95,8927400
23,2013-06-16,104.68,105.64,104.19,105.34,84.32,3759200
24,2013-06-23,105.46,107.59,102.02,102.03,81.67,5948600
25,2013-06-30,101.26,102.66,101.25,102.5,82.04,6485500
26,2013-07-07,102.21,102.65,100.45,100.52,80.57,3669800
27,2013-07-14,100.86,102.31,100.84,101.85,81.63,5439359
28,2013-07-21,101.97,102.85,101.94,102.75,82.36,3150602
29,2013-07-28,102.74,102.86,101.6,102.17,81.89,15861400
30,2013-08-04,102.04,102.1,100.86,101.82,81.72,7194948
31,2013-08-11,101.61,102.15,101.39,102.12,81.96,2503167
32,2013-08-18,102.27,102.27,99.85,100.14,80.37,19158440
33,2013-08-25,99.86,100.27,99.33,100.14,80.37,4805078
34,2013-09-01,100.36,100.97,100.15,100.41,80.59,3315959
35,2013-09-08,99.83,99.92,98.6,99.2,79.74,4377038
36,2013-09-15,99.59,99.82,98.94,99.58,80.05,5508200
37,2013-09-22,100.48,101.49,99.59,100.99,81.18,6050904
38,2013-09-29,101.09,102.15,101.09,101.94,81.94,6640486
39,2013-10-06,102.06,102.28,101.64,101.76,81.92,8334858
40,2013-10-13,102.06,102.08,101.19,101.55,81.75,3278272
41,2013-10-20,101.55,102.46,101.0,102.31,82.36,6424040
42,2013-10-27,102.28,103.31,102.11,103.1,83.0,2231324
43,2013-11-03,103.0,103.4,101.99,102.02,82.26,4201747
44,2013-11-10,102.21,102.42,101.16,101.19,81.59,4699365
45,2013-11-17,101.25,101.99,100.98,101.88,82.15,3372160
46,2013-11-24,101.94,102.27,100.96,101.68,81.98,6587634
47,2013-12-01,101.63,102.08,101.5,101.69,81.99,2041875
48,2013-12-08,101.3,101.44,100.46,100.65,81.29,5122783
49,2013-12-15,100.71,101.23,100.48,100.66,81.29,2839117
50,2013-12-22,100.86,101.04,100.0,100.44,81.12,4754118
51,2013-12-29,100.28,100.38,99.38,99.42,80.42,7437057
52,2014-01-05,99.55,99.74,99.18,99.57,80.55,4680938
53,2014-01-12,99.66,100.67,99.46,100.62,81.39,4458122
54,2014-01-19,100.72,100.97,100.23,100.96,81.67,3033368
55,2014-01-26,100.8,101.75,100.55,101.66,82.24,4723392
56,2014-02-02,101.49,102.28,101.31,102.28,82.74,3990009
57,2014-02-09,101.96,102.67,101.71,102.06,82.7,10017642
58,2014-02-16,101.95,102.14,101.28,101.83,82.52,3367609
59,2014-02-23,101.98,102.31,101.57,101.9,82.57,3158760
60,2014-03-02,101.9,102.64,101.65,102.47,83.03,3589158
61,2014-03-09,102.6,102.83,101.15,101.25,82.18,5415299
62,2014-03-16,101.28,102.61,101.23,102.47,83.17,6357273
63,2014-03-23,102.26,102.33,101.21,101.57,82.44,5516784
64,2014-03-30,101.32,102.19,101.31,101.72,82.56,3757301
65,2014-04-06,101.45,101.76,100.86,101.58,82.6,6382290
66,2014-04-13,101.74,102.65,101.63,102.57,83.4,5743488
67,2014-04-20,102.44,102.74,101.65,101.79,82.77,4073041
68,2014-04-27,101.88,102.34,101.52,102.1,83.02,2544974
69,2014-05-04,102.07,102.74,101.76,102.56,83.56,25052989
70,2014-05-11,102.71,102.98,102.42,102.73,83.7,4402178
71,2014-05-18,102.54,103.89,102.41,103.48,84.3,3798642
72,2014-05-25,103.61,103.76,103.28,103.59,84.39,37137181
73,2014-06-01,103.5,104.53,103.34,103.98,84.71,3620728
74,2014-06-08,103.53,103.68,102.67,102.8,83.89,7689530
75,2014-06-15,102.69,103.06,102.4,102.81,83.9,4910855
76,2014-06-22,102.82,103.16,102.36,102.78,83.88,37773735
77,2014-06-29,102.92,103.73,102.71,103.5,84.46,3941054
78,2014-07-06,103.61,103.68,102.2,102.42,83.74,21520945
79,2014-07-13,102.54,103.65,102.54,103.55,84.66,4053671
80,2014-07-20,103.47,104.05,103.13,103.77,84.84,19446961
81,2014-07-27,103.84,104.05,103.49,103.9,84.95,2729732
82,2014-08-03,103.78,103.95,102.88,103.57,84.84,7954542
83,2014-08-10,103.67,104.57,103.36,104.15,85.31,6124776
84,2014-08-17,104.18,105.23,103.95,104.92,85.94,3778040
85,2014-08-24,104.69,104.81,104.07,104.4,85.52,17668181
86,2014-08-31,104.4,105.04,104.3,104.9,85.93,4654593
87,2014-09-07,104.3,104.31,103.77,103.86,85.22,6608348
88,2014-09-14,104.13,104.18,102.68,102.73,84.3,7261903
89,2014-09-21,102.87,103.27,102.45,102.95,84.48,30665938
90,2014-09-28,103.05,103.61,102.99,103.38,84.83,4496745
91,2014-10-05,103.73,104.38,103.54,103.96,85.46,10478396
92,2014-10-12,103.97,105.39,103.88,105.34,86.6,15856700
93,2014-10-19,105.52,108.88,105.44,106.1,87.22,9397900
94,2014-10-26,106.39,106.42,105.31,105.58,86.79,6447769
95,2014-11-02,105.55,105.79,104.74,105.02,86.33,5347607
96,2014-11-09,104.7,105.18,104.45,105.17,86.6,9303689
97,2014-11-16,105.16,105.16,104.62,105.1,86.55,4680270
98,2014-11-23,105.25,105.25,104.77,105.22,86.65,3233916
99,2014-11-30,105.04,106.2,104.99,106.19,87.44,15937662
100,2014-12-07,106.31,106.37,104.93,105.1,86.69,5910176
101,2014-12-14,105.1,107.02,105.09,107.01,88.27,25258418
102,2014-12-21,106.63,107.28,105.73,106.21,87.61,19649100
103,2014-12-28,106.12,106.3,104.94,105.39,87.06,5198821
104,2015-01-04,105.58,106.66,105.56,106.53,88.0,6681089
105,2015-01-11,106.71,108.47,106.66,107.97,89.19,7748750
106,2015-01-18,108.08,109.9,108.02,109.07,90.1,8348799
107,2015-01-25,109.29,109.66,108.4,109.24,90.24,6223482
108,2015-02-01,109.16,110.59,108.9,110.55,91.32,9369095
109,2015-02-08,109.95,110.4,107.85,107.86,89.25,18074887
110,2015-02-15,108.2,108.21,107.17,107.18,88.69,7278124
111,2015-02-22,107.06,107.21,106.25,106.6,88.21,13727270
112,2015-03-01,106.89,107.95,106.71,107.64,89.07,6362114
113,2015-03-08,107.38,107.41,105.44,105.49,87.43,17353643
114,2015-03-15,105.9,107.06,105.75,106.56,88.31,5236832
115,2015-03-22,106.96,108.48,106.75,108.31,89.76,5551924
116,2015-03-29,108.41,108.84,107.61,108.12,89.61,6040702
117,2015-04-05,108.16,108.85,107.97,108.42,90.0,7851414
118,2015-04-12,108.95,109.04,108.01,108.08,89.72,4586009
119,2015-04-19,108.14,109.12,108.12,108.98,90.46,4865607
120,2015-04-26,108.93,108.96,107.9,108.63,90.17,4072020
121,2015-05-03,108.51,108.62,106.7,106.78,88.77,7578492
122,2015-05-10,106.87,107.04,105.74,106.72,88.72,9843421
123,2015-05-17,106.39,106.8,105.4,106.73,88.73,5449082
124,2015-05-24,106.3,106.42,105.42,106.16,88.26,5612452
125,2015-05-31,106.21,107.19,106.17,106.92,88.89,5157347
126,2015-06-07,106.73,106.81,104.21,104.39,86.92,8329357
127,2015-06-14,104.66,104.99,103.76,104.56,87.07,7315021
128,2015-06-21,105.09,105.78,104.58,105.75,88.06,7583050
129,2015-06-28,105.28,105.32,103.97,104.09,86.67,5323100
130,2015-07-05,104.75,105.4,104.15,104.67,87.29,8763766
131,2015-07-12,105.46,106.31,104.46,104.64,87.27,10725254
132,2015-07-19,104.18,105.17,104.18,105.06,87.62,5576179
133,2015-07-26,104.88,105.85,104.67,105.8,88.23,4206119
134,2015-08-02,106.18,106.52,105.55,106.44,88.77,11501336
135,2015-08-09,106.3,106.7,105.49,106.43,88.9,7212470
136,2015-08-16,106.08,107.22,105.87,106.26,88.75,7392400
137,2015-08-23,106.62,107.71,106.06,107.65,89.92,7097122
138,2015-08-30,108.5,108.76,106.33,106.54,88.99,12925357
139,2015-09-06,106.92,107.08,106.33,106.97,89.49,14835672
140,2015-09-13,106.52,106.71,106.06,106.58,89.16,5651373
141,2015-09-20,106.8,107.21,105.7,107.19,89.67,8574302
142,2015-09-27,106.8,107.54,106.48,106.87,89.4,7308560
143,2015-10-04,107.02,108.97,106.97,108.31,90.75,20484456
144,2015-10-11,108.08,108.08,107.28,107.44,90.02,10723125
145,2015-10-18,107.65,108.51,107.56,108.03,90.51,7394125
146,2015-10-25,108.03,108.2,107.45,107.48,90.05,13896508
147,2015-11-01,107.66,108.19,106.79,107.02,89.67,11760081
148,2015-11-08,106.63,106.7,105.23,105.37,88.42,13711648
149,2015-11-15,105.04,105.83,105.02,105.8,88.78,11394373
150,2015-11-22,105.99,106.23,105.54,105.95,88.91,6789467
151,2015-11-29,105.89,106.44,105.85,106.36,89.25,3983655
152,2015-12-06,106.35,106.81,105.17,105.77,88.89,11634996
153,2015-12-13,105.83,107.09,105.8,106.95,89.88,12083503
154,2015-12-20,106.5,106.64,105.4,106.43,89.45,11306743
155,2015-12-27,106.39,106.61,105.78,105.97,89.2,5050066
156,2016-01-03,105.94,106.16,105.28,105.59,88.88,7214945
157,2016-01-10,106.09,107.2,105.83,107.15,90.19,15101994
158,2016-01-17,106.78,108.19,106.7,107.99,90.9,23374300
159,2016-01-24,107.82,108.78,107.62,107.87,90.8,13967322
160,2016-01-31,108.11,109.18,107.85,109.11,91.84,10309747
161,2016-02-07,108.81,110.07,108.56,109.75,92.51,26971028
162,2016-02-14,110.14,112.01,110.08,110.58,93.21,14533375
163,2016-02-21,110.38,110.63,109.67,110.49,93.14,12139142
164,2016-02-28,110.38,111.39,110.04,110.39,93.05,11159466
165,2016-03-06,110.4,110.63,108.93,109.12,92.11,16648275
166,2016-03-13,108.95,109.75,108.31,108.4,91.51,10218900
167,2016-03-20,108.54,110.96,108.2,109.34,92.3,12855775
168,2016-03-27,109.1,109.58,108.77,109.19,92.17,6116360
169,2016-04-03,109.31,110.44,109.23,110.14,93.12,16329511
170,2016-04-10,110.25,111.09,110.11,110.87,93.74,10012688
171,2016-04-17,110.6,110.92,110.14,110.56,93.47,6771096
172,2016-04-24,110.48,110.48,109.34,109.41,92.5,7045983
173,2016-05-01,109.36,110.1,109.0,110.0,93.0,9943306
174,2016-05-08,109.66,110.67,109.51,110.41,93.48,8668100
175,2016-05-15,110.55,110.92,110.36,110.89,93.89,10842479
176,2016-05-22,110.62,110.62,109.32,109.63,92.82,8217855
177,2016-05-29,109.72,109.9,109.36,109.6,92.8,5741487
178,2016-06-05,109.33,110.91,109.33,110.89,94.03,11530948
179,2016-06-12,110.66,111.58,110.57,111.45,94.5,8880161
180,2016-06-19,111.65,112.53,111.48,111.72,94.73,11027170
181,2016-06-26,111.23,112.48,110.65,112.21,95.15,10934743
182,2016-07-03,112.96,113.32,112.69,113.09,96.03,20101220
183,2016-07-10,113.51,113.91,113.32,113.8,96.63,8268892
184,2016-07-17,113.48,113.58,111.8,111.92,95.04,15495770
185,2016-07-24,112.1,112.32,111.66,112.12,95.21,13643814
186,2016-07-31,112.09,113.1,111.89,113.07,96.01,8152931
187,2016-08-07,112.56,112.8,111.87,111.88,95.13,9981336
188,2016-08-14,111.75,112.7,111.64,112.38,95.56,7584216
189,2016-08-21,112.21,112.32,111.72,111.86,95.12,6841559
190,2016-08-28,112.11,112.32,111.37,111.45,94.77,6396100
191,2016-09-04,111.65,112.05,111.27,111.5,94.94,9329923
192,2016-09-11,111.47,112.26,110.95,111.0,94.52,5109224
193,2016-09-18,110.88,111.19,110.44,111.09,94.59,6340219
194,2016-09-25,110.99,111.71,110.83,111.63,95.05,4741389
195,2016-10-02,111.78,112.33,111.72,111.88,95.27,5841083
196,2016-10-09,111.7,111.73,110.38,110.64,94.34,11730756
197,2016-10-16,110.4,110.69,110.1,110.21,93.97,7341130
198,2016-10-23,110.32,110.88,110.3,110.74,94.42,5790478
199,2016-10-30,110.81,110.81,109.72,109.97,93.77,7754297
200,2016-11-06,110.1,110.56,109.53,110.51,94.36,10260312
201,2016-11-13,110.1,110.17,107.08,107.12,91.46,18109653
202,2016-11-20,106.5,106.9,105.56,105.66,90.22,14504140
203,2016-11-27,105.74,106.08,105.0,105.38,89.98,8664300
204,2016-12-04,105.73,106.0,104.31,105.18,89.94,12710311
205,2016-12-11,104.83,105.58,104.54,104.59,89.43,9127109
206,2016-12-18,104.52,105.1,103.43,103.64,88.62,11283776
207,2016-12-25,104.0,104.17,103.68,103.96,89.03,7234295
208,2017-01-01,103.71,104.96,103.7,104.82,89.77,6286735
209,2017-01-08,104.35,105.68,104.29,105.09,90.0,9699381
210,2017-01-15,105.47,106.03,105.05,105.39,90.26,7839414
211,2017-01-22,105.97,106.03,104.48,104.82,89.77,8443621
212,2017-01-29,105.01,105.57,104.18,104.72,89.68,9378322
213,2017-02-05,104.74,105.22,104.39,104.81,89.9,8510782
214,2017-02-12,105.24,106.0,105.0,105.23,90.26,9399900
215,2017-02-19,105.0,105.32,104.32,105.19,90.22,10811789
216,2017-02-26,104.94,106.16,104.92,106.08,90.99,10165200
217,2017-03-05,105.99,106.0,104.26,104.57,89.81,12556523
218,2017-03-12,104.59,104.6,103.7,103.98,89.31,9046736
219,2017-03-19,103.81,104.82,103.69,104.73,89.95,9845756
220,2017-03-26,104.75,105.73,104.75,105.48,90.6,10125816
221,2017-04-02,105.92,105.96,105.36,105.59,90.69,9017514
222,2017-04-09,105.56,106.32,105.53,105.61,90.84,10728013
223,2017-04-16,105.75,107.01,105.7,106.94,91.99,8113561
224,2017-04-23,106.95,107.47,106.68,106.91,91.96,9026756
225,2017-04-30,106.43,106.69,106.09,106.6,91.7,14336308
226,2017-05-07,106.32,106.49,105.8,105.99,91.31,7708248
227,2017-05-14,105.89,106.28,105.41,106.19,91.48,10435269
228,2017-05-21,106.14,107.25,106.05,107.05,92.22,12850132
229,2017-05-28,106.93,107.08,106.55,107.0,92.18,8565987
230,2017-06-04,107.18,107.69,106.9,107.57,92.81,7660107
231,2017-06-11,107.4,107.83,107.11,107.26,92.54,10356040
232,2017-06-18,107.12,108.17,107.12,107.71,92.93,10622454
233,2017-06-25,107.59,107.86,107.41,107.8,93.01,6258873
234,2017-07-02,107.9,108.01,106.54,106.61,91.98,10817922
235,2017-07-09,106.45,106.46,105.72,105.77,91.39,15328693
236,2017-07-16,105.84,106.74,105.83,106.4,91.94,8168338
237,2017-07-23,106.46,107.27,106.4,107.14,92.58,9664474
238,2017-07-30,107.08,107.15,106.41,106.82,92.3,10721333
239,2017-08-06,106.76,107.25,106.47,106.93,92.54,6238561
240,2017-08-13,106.88,107.62,106.73,107.55,93.08,5422990
241,2017-08-20,107.34,107.81,106.83,107.57,93.09,7565680
242,2017-08-27,107.6,107.87,107.37,107.81,93.3,6478255
243,2017-09-03,107.76,108.43,107.7,107.76,93.4,8295479
244,2017-09-10,108.16,108.81,108.13,108.64,94.16,10198698
245,2017-09-17,108.2,108.24,107.38,107.69,93.34,9819617
246,2017-09-24,107.26,107.36,106.77,106.99,92.73,9319972
247,2017-10-01,107.11,107.39,106.46,106.52,92.32,10938694
248,2017-10-08,106.42,106.49,105.85,106.12,92.11,12072422
249,2017-10-15,106.21,106.92,106.14,106.86,92.76,7728439
250,2017-10-22,106.67,106.79,106.0,106.04,92.05,8298919
251,2017-10-29,106.09,106.21,105.47,105.85,91.88,7531667
252,2017-11-05,106.09,106.4,105.92,106.37,92.47,8722569
253,2017-11-12,106.47,106.63,105.79,105.83,92.01,5329372
254,2017-11-19,105.91,106.35,105.77,106.18,92.31,7121672
255,2017-11-26,106.05,106.42,105.95,106.28,92.4,4261318
256,2017-12-03,106.33,106.55,105.5,105.93,92.23,14157093
257,2017-12-10,105.65,106.31,105.64,105.91,92.21,9874556
258,2017-12-17,105.97,106.23,105.6,106.12,92.4,7565338
259,2017-12-24,106.03,106.06,104.87,105.04,91.6,11968147
260,2017-12-31,105.05,105.64,105.03,105.57,92.06,8266446
261,2018-01-07,105.44,105.47,105.02,105.15,91.7,10631791
262,2018-01-14,105.2,105.22,104.23,104.57,91.19,13746734
263,2018-01-21,104.74,104.76,103.73,103.79,90.51,14361496
264,2018-01-28,103.87,104.11,103.62,103.77,90.49,18446562
265,2018-02-04,103.5,103.55,102.11,102.22,89.29,22353398
266,2018-02-11,102.25,103.31,101.89,102.22,89.29,27120827
267,2018-02-18,102.22,102.39,101.63,102.01,89.1,15011440
268,2018-02-25,101.81,102.21,101.47,102.13,89.21,13288908
269,2018-03-04,102.36,102.61,101.74,102.07,89.29,16049345
270,2018-03-11,102.35,102.35,101.77,101.92,89.16,8890313
271,2018-03-18,102.0,102.66,101.94,102.37,89.56,12580024
272,2018-03-25,102.15,102.77,101.68,102.7,89.85,16336736
273,2018-04-01,102.52,103.31,102.39,103.19,90.27,13015612
274,2018-04-08,102.94,103.34,102.43,102.92,90.19,13635800
275,2018-04-15,102.74,103.0,102.4,102.58,89.89,11341292
276,2018-04-22,102.33,102.66,101.57,101.57,89.01,10557787
277,2018-04-29,101.48,101.65,101.06,101.59,89.03,15896645
278,2018-05-06,101.64,101.81,101.3,101.64,89.24,17648766
279,2018-05-13,101.63,101.66,101.16,101.41,89.03,13347961
280,2018-05-20,101.25,101.28,100.33,100.75,88.46,20703729
281,2018-05-27,100.7,101.91,100.64,101.9,89.46,15757159
282,2018-06-03,102.35,103.2,101.77,101.93,89.67,28981549
283,2018-06-10,101.82,102.13,101.36,101.71,89.47,23091122
284,2018-06-17,101.53,102.1,101.16,101.83,89.58,16288261
285,2018-06-24,101.96,102.28,101.8,102.11,89.83,16823407
286,2018-07-01,102.22,102.73,102.21,102.51,90.18,21455505
287,2018-07-08,102.42,102.71,102.22,102.61,90.43,10264493
288,2018-07-15,102.37,102.64,102.21,102.61,90.43,13197008
289,2018-07-22,102.39,102.67,102.18,102.22,90.09,11737531
290,2018-07-29,102.1,102.11,101.59,101.77,89.69,15021808
291,2018-08-05,101.57,101.83,101.19,101.72,89.83,17798706
292,2018-08-12,101.79,102.5,101.54,102.37,90.4,17474877
293,2018-08-19,102.31,102.68,102.19,102.5,90.51,14700956
294,2018-08-26,102.7,102.96,102.61,102.89,90.86,9982267
295,2018-09-02,102.75,102.83,102.3,102.61,90.61,9692454
296,2018-09-09,102.26,102.45,101.87,101.91,90.17,10813565
297,2018-09-16,101.89,102.01,101.46,101.52,89.83,12901923
298,2018-09-23,101.41,101.58,100.8,101.0,89.37,18295301
299,2018-09-30,100.85,101.3,100.68,101.17,89.52,18045288
300,2018-10-07,100.83,101.04,99.6,99.72,88.41,28039825
301,2018-10-14,99.82,100.55,99.67,100.29,88.92,16485484
302,2018-10-21,100.39,100.44,99.95,100.11,88.76,16020072
303,2018-10-28,100.22,101.3,100.12,101.14,89.67,18772137
304,2018-11-04,101.01,101.24,99.93,99.97,88.83,23555578
305,2018-11-11,100.16,100.22,99.75,100.17,89.01,13162669
306,2018-11-18,100.38,101.18,100.33,101.14,89.87,21444364
307,2018-11-25,101.06,101.47,101.06,101.31,90.02,9534690
308,2018-12-02,101.19,101.82,101.13,101.78,90.44,15645252
309,2018-12-09,101.44,102.97,101.41,102.82,91.55,30506320
310,2018-12-16,102.84,103.04,102.31,102.56,91.32,25709029
311,2018-12-23,102.66,103.48,102.65,103.22,92.1,33963300
312,2018-12-30,103.38,103.82,102.95,103.81,92.62,20996230
313,2019-01-06,103.69,105.32,103.63,104.4,93.15,43129655
314,2019-01-13,104.52,104.57,103.77,104.17,92.94,33826138
315,2019-01-20,104.21,104.29,103.35,103.43,92.28,24004616
316,2019-01-27,103.72,104.18,103.58,103.83,92.64,18115768
317,2019-02-03,103.79,104.93,103.79,104.1,93.08,31139573
318,2019-02-10,103.97,104.73,103.81,104.61,93.53,23644529
319,2019-02-17,104.45,104.62,104.0,104.44,93.38,27162339
320,2019-02-24,104.63,104.72,104.22,104.6,93.52,20799747
321,2019-03-03,104.43,104.79,103.57,103.57,92.78,21981116
322,2019-03-10,103.73,104.83,103.66,104.74,93.83,18055304
323,2019-03-17,104.73,105.17,104.57,105.09,94.14,21673243
324,2019-03-24,104.99,106.51,104.75,106.34,95.26,23721307
325,2019-03-31,106.34,107.08,106.25,106.67,95.56,25387375
326,2019-04-07,106.1,106.13,105.52,105.73,94.91,25999914
327,2019-04-14,105.71,106.07,105.27,105.27,94.5,16441580
328,2019-04-21,105.29,105.46,105.0,105.32,94.54,14656425
329,2019-04-28,105.26,105.99,105.12,105.91,95.07,12972750
330,2019-05-05,105.72,106.11,105.27,105.48,94.88,18959113
331,2019-05-12,105.88,106.43,105.73,106.12,95.45,18642089
332,2019-05-19,106.57,106.97,106.44,106.73,96.0,19765724
333,2019-05-26,106.75,107.56,106.34,107.37,96.58,17284135
334,2019-06-02,107.62,108.95,107.53,108.91,97.96,21772527
335,2019-06-09,108.88,109.42,108.6,109.23,98.44,42244755
336,2019-06-16,108.86,109.38,108.58,109.32,98.52,16435330
337,2019-06-23,109.3,110.28,109.17,109.54,98.72,21025437
338,2019-06-30,109.74,110.23,109.6,110.02,99.15,21852208
339,2019-07-07,109.82,110.4,109.34,109.59,98.94,17579682
340,2019-07-14,109.75,109.82,108.88,109.05,98.45,18571593
341,2019-07-21,109.14,109.89,108.83,109.62,98.96,11258550
342,2019-07-28,109.79,109.8,109.23,109.44,98.8,12404405
343,2019-08-04,109.62,111.2,109.39,111.15,100.52,37132144
344,2019-08-11,111.82,113.27,111.66,112.13,101.41,31801807
345,2019-08-18,112.54,114.17,112.15,113.61,102.75,29086503
346,2019-08-25,113.04,113.94,113.0,113.78,102.9,25859723
347,2019-09-01,113.73,114.39,113.58,114.01,103.11,21237976
348,2019-09-08,113.88,114.44,113.08,113.4,102.73,22909892
349,2019-09-15,112.86,112.94,110.5,110.5,100.1,47153666
350,2019-09-22,110.9,112.02,110.75,112.0,101.46,35916976
351,2019-09-29,112.14,112.82,111.9,112.38,101.81,40900478
352,2019-10-06,112.21,113.89,111.81,113.81,103.26,26106961
353,2019-10-13,113.56,113.87,111.72,111.9,101.52,23446661
354,2019-10-20,112.25,112.29,111.64,111.95,101.57,16925183
355,2019-10-27,111.66,112.07,111.42,111.58,101.23,13417678
356,2019-11-03,111.19,112.58,111.05,112.13,101.89,27245015
357,2019-11-10,111.63,111.69,109.98,110.24,100.17,24278144
358,2019-11-17,110.49,111.4,110.18,111.18,101.02,13784993
359,2019-11-24,111.36,112.02,111.33,111.69,101.49,19302064
360,2019-12-01,111.7,111.99,111.44,111.57,101.38,12386622
361,2019-12-08,110.87,112.17,110.81,110.97,100.98,21240581
362,2019-12-15,111.21,111.47,110.31,111.16,101.15,16126699
363,2019-12-22,110.88,110.88,110.08,110.28,100.49,15372662
364,2019-12-29,110.31,110.73,110.04,110.69,100.86,5823216
365,2020-01-05,110.31,111.49,110.21,111.47,101.58,12698985
366,2020-01-12,111.66,111.67,110.63,111.25,101.37,16115061
367,2020-01-19,111.11,111.62,110.98,111.3,101.42,12611238
368,2020-01-26,111.55,112.61,111.54,112.44,102.46,13967207
369,2020-02-02,113.19,114.12,112.78,114.04,103.92,22348130
370,2020-02-09,113.61,113.84,112.56,113.26,103.35,25194509
371,2020-02-16,113.5,113.62,112.83,113.3,103.38,8951686
372,2020-02-23,113.45,114.53,113.3,114.25,104.25,18928743
373,2020-03-01,115.2,117.45,115.02,117.26,107.0,58534682
374,2020-03-08,117.55,121.31,116.97,120.4,109.99,55390801
375,2020-03-15,123.25,123.41,114.4,117.35,107.21,72550545
376,2020-03-22,120.03,120.68,115.34,119.14,108.84,42253445
377,2020-03-29,119.45,121.39,119.26,120.98,110.52,31664708
378,2020-04-05,121.79,122.29,121.18,121.94,111.53,28493243
379,2020-04-12,121.53,121.6,120.27,120.96,110.63,21922910
380,2020-04-19,120.85,122.3,120.67,121.75,111.36,11697488
381,2020-04-26,121.98,122.69,121.79,122.14,111.71,15406909
382,2020-05-03,121.85,122.26,121.46,121.71,111.44,21685243
383,2020-05-10,121.68,121.98,120.85,121.53,111.27,17087307
384,2020-05-17,121.51,122.23,121.09,121.95,111.66,15539476
385,2020-05-24,121.66,121.88,121.06,121.88,111.59,10815878
386,2020-05-31,121.5,121.99,121.37,121.94,111.65,12895657
387,2020-06-07,121.62,121.77,119.35,119.77,109.77,32826095
388,2020-06-14,119.67,121.85,119.66,121.39,111.26,20915129
389,2020-06-21,121.66,121.74,120.73,121.54,111.39,13946217
390,2020-06-28,121.66,122.07,121.24,121.97,111.79,11671244
391,2020-07-05,121.93,122.19,121.35,121.72,111.66,44229771
392,2020-07-12,121.41,122.29,121.29,121.89,111.82,12547494
393,2020-07-19,121.71,122.25,121.68,122.03,111.94,10170690
394,2020-07-26,122.2,122.45,122.02,122.34,112.23,13757966
395,2020-08-02,122.44,122.89,122.12,122.8,112.65,38092309
396,2020-08-09,122.52,123.09,122.46,122.53,112.49,17511826
397,2020-08-16,122.7,122.72,121.25,121.43,111.48,23170770
398,2020-08-23,121.69,122.15,121.6,122.12,112.12,14689236
399,2020-08-30,122.09,122.21,121.18,121.38,111.44,15825267
400,2020-09-06,121.4,122.39,121.3,121.47,111.6,24173167
401,2020-09-13,121.74,122.01,121.44,122.01,112.1,15476398
402,2020-09-20,122.02,122.1,121.66,121.7,111.81,17744123
403,2020-09-27,122.01,122.15,121.76,122.08,112.16,17452366
404,2020-10-04,122.04,122.22,121.43,121.69,111.87,27264404
405,2020-10-11,121.35,121.4,120.78,121.01,111.25,29622924
406,2020-10-18,121.06,121.6,120.99,121.25,111.47,21638903
407,2020-10-25,121.02,121.13,120.18,120.38,110.67,27989734
408,2020-11-01,120.64,121.18,120.06,120.06,110.38,28776787
409,2020-11-08,120.34,121.06,119.83,120.5,110.85,48453023
410,2020-11-15,119.59,120.15,119.19,119.98,110.37,30796246
411,2020-11-22,119.9,120.52,119.88,120.5,110.85,42645730
412,2020-11-29,120.34,120.47,120.01,120.47,110.83,11975177
413,2020-12-06,120.42,120.51,119.2,119.32,109.84,31065766
414,2020-12-13,119.61,120.27,119.47,120.15,110.6,20515784
415,2020-12-20,119.84,120.16,119.58,119.6,110.16,17240975
416,2020-12-27,119.79,119.9,119.42,119.8,110.35,11358862
417,2021-01-03,119.61,120.0,119.54,119.95,110.49,11010114
418,2021-01-10,119.68,120.06,118.13,118.24,108.91,36673101
419,2021-01-17,118.15,118.55,117.57,118.45,109.11,34313961
420,2021-01-24,118.28,118.6,118.23,118.58,109.22,17274163
421,2021-01-31,118.75,119.34,118.47,118.64,109.28,29057471
422,2021-02-07,118.57,118.77,117.83,117.83,108.61,18738865
423,2021-02-14,117.81,118.31,117.74,117.79,108.57,28798927
424,2021-02-21,117.27,117.38,116.37,116.54,107.42,24020476
425,2021-02-28,116.45,116.67,114.1,115.76,106.7,82256112
426,2021-03-07,115.47,115.78,114.02,114.42,105.53,45227374
427,2021-03-14,114.15,114.87,113.76,113.88,105.03,35043764
428,2021-03-21,113.95,114.24,112.79,113.03,104.24,35950457
429,2021-03-28,113.32,114.24,113.23,113.58,104.75,43842260
430,2021-04-04,113.68,113.69,112.78,113.36,104.61,29238249
431,2021-04-11,112.97,113.92,112.8,113.61,104.84,37248862
432,2021-04-18,113.52,114.77,113.42,114.29,105.47,35300262
433,2021-04-25,114.1,114.69,114.04,114.51,105.67,33374946
434,2021-05-02,114.46,114.55,113.44,113.99,105.19,34266583
435,2021-05-09,113.96,114.95,113.92,114.49,105.72,43778299
436,2021-05-16,114.54,114.63,113.47,114.15,105.41,43194119
437,2021-05-23,114.07,114.31,113.6,114.21,105.47,39248630
438,2021-05-30,114.27,114.81,114.2,114.4,105.64,26649650
439,2021-06-06,114.19,114.78,114.05,114.77,106.06,23685326
440,2021-06-13,114.63,115.79,114.6,115.61,106.83,23917407
441,2021-06-20,115.49,115.58,114.31,115.54,106.77,43745882
442,2021-06-27,115.26,115.41,114.69,114.89,106.17,27698139
443,2021-07-04,115.11,115.75,115.09,115.75,107.03,31953092
444,2021-07-11,115.89,117.19,115.89,116.41,107.64,29450947
445,2021-07-18,116.51,117.04,115.89,116.96,108.15,26105831
446,2021-07-25,117.74,118.52,116.97,117.22,108.39,49892947
447,2021-08-01,117.4,117.78,117.12,117.71,108.85,38194542
448,2021-08-08,117.82,118.63,117.0,117.03,108.29,46640394
449,2021-08-15,117.2,117.31,116.43,117.24,108.48,39117968
450,2021-08-22,117.55,117.82,117.13,117.53,108.75,34492423
451,2021-08-29,117.5,117.58,116.59,117.16,108.41,26694243
452,2021-09-05,117.14,117.49,116.88,117.0,108.33,33838480
453,2021-09-12,116.59,117.32,116.44,116.82,108.17,28301595
454,2021-09-19,116.93,117.52,116.38,116.49,107.86,29663720
455,2021-09-26,116.91,117.22,115.64,115.71,107.14,45794130
456,2021-10-03,115.4,115.66,114.73,115.61,107.12,52539649
457,2021-10-10,115.41,115.67,114.3,114.43,106.03,39642628
458,2021-10-17,114.23,115.21,114.13,114.59,106.18,40070021
459,2021-10-24,114.25,114.52,113.63,113.96,105.59,39687429
460,2021-10-31,113.98,115.06,113.9,114.63,106.21,47773230
461,2021-11-07,114.22,115.81,114.19,115.71,107.29,69321762
462,2021-11-14,115.52,115.98,114.38,114.62,106.28,53534401
463,2021-11-21,114.55,115.11,114.05,114.86,106.5,45516347
464,2021-11-28,114.33,115.39,113.5,115.37,106.97,44621339
465,2021-12-05,114.69,116.64,114.66,116.36,107.97,89556429
466,2021-12-12,116.19,116.28,114.82,115.34,107.03,42918220
467,2021-12-19,115.63,116.34,115.28,116.01,107.75,35902985
468,2021-12-26,116.2,116.35,115.18,115.32,107.11,34192801
469,2022-01-02,115.28,115.58,114.67,115.0,106.81,41547203
470,2022-01-09,114.37,114.41,112.47,112.74,104.71,81647811
471,2022-01-16,112.45,113.43,112.38,112.58,104.56,43540542
472,2022-01-23,112.1,113.05,111.69,112.89,104.85,43491303
473,2022-01-30,113.24,113.29,111.84,112.57,104.55,66929127
474,2022-02-06,112.36,112.81,111.09,111.2,103.38,47243607
475,2022-02-13,111.23,111.37,109.92,111.14,103.32,63469296
476,2022-02-20,110.54,111.23,109.94,111.22,103.4,45824530
477,2022-02-27,110.97,111.55,110.48,110.86,103.06,43598368
478,2022-03-06,111.62,113.49,111.39,113.0,105.15,85231113
479,2022-03-13,112.47,113.08,110.35,110.56,102.88,49052607
480,2022-03-20,109.67,109.8,108.25,109.07,101.49,45489372
481,2022-03-27,108.28,108.45,105.97,106.08,98.71,50104924
482,2022-04-03,106.25,107.62,106.12,106.65,99.35,46212804
483,2022-04-10,106.76,106.78,104.0,104.15,97.02,39712889
484,2022-04-17,103.78,104.91,103.32,103.44,96.36,32072217
485,2022-04-24,103.53,103.55,102.27,102.74,95.71,33664942
486,2022-05-01,103.55,104.27,102.55,102.81,95.77,43057949
487,2022-05-08,102.15,102.78,100.99,101.09,94.29,55605099
488,2022-05-15,101.14,103.57,101.09,102.61,95.7,36673227
489,2022-05-22,102.98,103.99,102.19,103.84,96.85,23114392
490,2022-05-29,103.57,104.59,103.2,104.41,97.38,22768896
491,2022-06-05,103.62,103.63,102.33,102.56,95.78,18031256
492,2022-06-12,102.31,102.43,100.6,100.73,94.07,19570508
493,2022-06-19,99.66,100.46,97.99,100.2,93.57,43485462
494,2022-06-26,99.66,102.17,99.55,101.15,94.46,34218269
495,2022-07-03,100.57,103.97,100.33,103.24,96.56,81394788
496,2022-07-10,103.75,104.02,101.37,101.49,94.92,19129209
497,2022-07-17,102.03,103.05,101.78,102.75,96.1,22448764
498,2022-07-24,102.42,104.46,101.8,104.22,97.48,72295757
499,2022-07-31,103.58,105.58,103.55,105.17,98.36,26935441
500,2022-08-07,105.29,105.75,103.35,103.58,97.05,46692075
501,2022-08-14,104.0,104.71,103.14,103.66,97.12,30194818
502,2022-08-21,104.17,104.33,102.36,102.48,96.02,23436911
503,2022-08-28,102.4,102.49,101.29,101.97,95.54,27566756
504,2022-09-04,101.58,101.72,99.73,100.52,94.35,30754959
505,2022-09-11,99.91,100.26,99.35,99.69,93.57,25493315
506,2022-09-18,99.97,100.05,98.45,98.68,92.62,22342428
507,2022-09-25,98.31,98.61,96.28,96.82,90.87,28456261
508,2022-10-02,96.29,96.88,94.51,95.99,90.1,40059346
509,2022-10-09,96.72,97.7,95.07,95.22,89.55,42928883
510,2022-10-16,95.08,95.43,93.97,94.28,88.66,27282360
511,2022-10-23,94.96,95.11,92.48,93.14,87.59,26251724
512,2022-10-30,93.11,95.47,92.69,94.84,89.19,32103040
513,2022-11-06,94.43,94.99,93.18,93.42,88.04,31927057
514,2022-11-13,93.54,96.18,93.07,95.94,90.42,25075356
515,2022-11-20,95.84,97.23,95.53,96.13,90.6,26202739
516,2022-11-27,96.54,97.18,96.04,97.11,91.52,16592464
517,2022-12-04,97.22,98.69,96.4,98.68,93.19,38115365
518,2022-12-11,98.09,99.25,97.63,97.85,92.4,27096469
519,2022-12-18,98.3,99.26,97.58,98.61,93.3,28359080
520,2022-12-25,98.05,98.06,96.69,96.75,91.54,17865628
521,2023-01-01,96.22,96.41,95.62,95.78,90.62,17007748
522,2023-01-08,96.91,98.43,96.34,98.38,93.08,24594270
523,2023-01-15,98.26,99.52,97.83,98.99,93.66,27475461
524,2023-01-22,98.66,100.06,98.64,99.17,93.83,24692237
525,2023-01-29,98.84,99.73,98.65,99.02,93.69,19199476
526,2023-02-05,98.74,100.21,98.47,98.6,93.49,38690192
527,2023-02-12,97.9,98.14,96.89,96.96,91.94,29965414
528,2023-02-19,96.97,97.24,95.9,96.41,91.41,61027612
529,2023-02-26,95.75,96.0,95.11,95.32,90.38,59335723
530,2023-03-05,95.66,95.79,94.21,95.17,90.42,35361892
531,2023-03-12,95.39,97.42,94.78,97.33,92.48,37523416
532,2023-03-19,98.95,99.78,97.38,99.26,94.31,123511839
533,2023-03-26,99.42,100.58,97.75,99.89,94.91,44794147
534,2023-04-02,98.94,99.19,98.19,99.12,94.18,45501610
535,2023-04-09,98.81,100.77,98.74,100.48,95.66,24511624
536,2023-04-16,99.69,100.07,98.79,98.92,94.17,62168064
537,2023-04-23,98.54,99.1,97.98,98.57,93.84,25946687
538,2023-04-30,98.84,100.13,98.77,99.73,94.94,37715300
539,2023-05-07,99.11,100.8,98.19,99.69,95.13,58786096
540,2023-05-14,99.07,100.41,98.94,99.47,94.92,35357478
541,2023-05-21,99.19,99.25,97.46,97.63,93.17,39568163
542,2023-05-28,97.65,97.9,96.39,96.93,92.5,41771166
543,2023-06-04,97.22,98.38,97.15,97.32,93.09,44447957
544,2023-06-11,96.92,97.56,96.54,96.94,92.73,30719818
545,2023-06-18,97.09,97.36,96.18,96.87,92.66,34636994
546,2023-06-25,97.05,97.5,96.63,97.1,92.88,18811459
547,2023-07-02,97.35,97.5,96.22,96.6,92.4,28706030
548,2023-07-09,96.32,96.62,94.36,94.59,90.7,30736190
549,2023-07-16,94.74,97.07,94.73,96.53,92.56,38438761
550,2023-07-23,96.6,97.19,96.19,96.44,92.47,25915170
551,2023-07-30,96.61,96.71,95.18,95.62,91.69,30727882
552,2023-08-06,95.58,95.91,93.96,95.05,91.37,43319539
553,2023-08-13,94.93,95.54,94.09,94.13,90.49,29103392
554,2023-08-20,93.98,94.26,93.06,93.6,89.98,40389579
555,2023-08-27,93.16,94.07,92.85,93.69,90.06,39377138
556,2023-09-03,93.91,94.94,93.71,93.98,90.57,30626544
557,2023-09-10,93.71,93.86,93.12,93.51,90.12,24123583
558,2023-09-17,93.31,93.74,93.02,93.09,89.71,31784491
559,2023-09-24,92.97,93.25,92.02,92.44,89.09,40256948
560,2023-10-01,91.85,92.04,90.85,91.59,88.27,55723048
561,2023-10-08,90.89,90.99,89.69,90.07,87.03,80001871
562,2023-10-15,90.75,91.6,90.55,91.24,88.16,54870541
563,2023-10-22,90.71,90.77,88.86,89.47,86.45,71937876
564,2023-10-29,89.15,90.09,89.01,90.08,87.04,65970995
565,2023-11-05,89.64,92.24,89.48,91.63,88.79,82226123
566,2023-11-12,91.29,92.08,91.0,91.18,88.35,63297081
567,2023-11-19,90.83,92.63,90.69,92.53,89.66,55050951
568,2023-11-26,92.34,92.99,92.26,92.27,89.41,28015700
569,2023-12-03,92.55,94.09,92.49,94.04,91.36,82018758
570,2023-12-10,93.68,94.86,93.45,93.95,91.28,83433233
571,2023-12-17,93.75,96.27,93.56,95.99,93.53,75668201
572,2023-12-24,95.81,96.7,95.63,96.19,93.73,44236494
573,2023-12-31,96.15,97.04,96.13,96.39,93.92,23383895
574,2024-01-07,95.94,96.34,95.26,95.33,92.89,37840316
575,2024-01-14,95.39,96.48,95.36,96.23,93.77,42393243
576,2024-01-21,95.84,95.96,94.54,94.94,92.51,45639041
577,2024-01-28,95.28,95.39,94.66,94.96,92.53,46701120
578,2024-02-04,95.25,97.11,95.15,95.56,93.34,77173778
579,2024-02-11,94.9,95.35,94.4,94.49,92.3,46395399
580,2024-02-18,94.57,94.69,93.52,93.74,91.57,41917328
581,2024-02-25,93.93,94.12,93.44,94.04,91.86,29850331
582,2024-03-03,94.05,94.46,93.62,94.4,92.45,43027860
583,2024-03-10,94.08,95.39,94.07,95.23,93.27,40338473
584,2024-03-17,95.26,95.29,93.63,93.65,91.72,38480489
585,2024-03-24,93.62,94.56,93.45,94.5,92.55,35371811
586,2024-03-31,94.41,94.79,94.11,94.66,92.71,22366543
587,2024-04-07,93.99,93.99,92.86,93.14,91.49,44272017
588,2024-04-14,92.91,93.38,91.81,92.31,90.67,48317104
589,2024-04-21,91.68,92.01,91.18,91.74,90.11,47948324
590,2024-04-28,91.57,92.1,91.02,91.49,89.87,31107070
591,2024-05-05,91.7,92.7,91.19,92.46,91.09,41918448
592,2024-05-12,92.5,93.02,92.41,92.5,91.13,33674178
593,2024-05-19,92.74,93.65,92.6,93.11,91.73,27464611
594,2024-05-26,92.98,93.29,92.62,92.88,91.5,20794083
595,2024-06-02,92.96,92.98,91.72,92.8,91.42,28765447
596,2024-06-09,92.65,94.03,92.65,92.95,91.85,35869285
597,2024-06-16,92.78,94.69,92.66,94.6,93.48,29091351
598,2024-06-23,94.14,94.68,94.03,94.35,93.23,20804917
599,2024-06-30,94.37,94.55,93.65,93.65,92.54,24243167
600,2024-07-07,92.84,94.22,92.58,94.16,93.33,30831056
601,2024-07-14,94.13,94.98,93.83,94.95,94.11,26341621
602,2024-07-21,94.71,95.21,94.53,94.58,93.74,27488800
603,2024-07-28,94.69,95.04,94.34,95.01,94.17,23252335
604,2024-08-04,95.25,97.75,95.08,97.68,97.11,50347132
605,2024-08-11,98.39,98.58,96.07,96.66,96.09,47055996
606,2024-08-18,96.54,97.63,96.48,97.07,96.5,24845099
607,2024-08-25,97.04,98.01,97.02,97.79,97.22,25004619
608,2024-09-01,97.96,97.97,97.05,97.07,96.5,26645737
609,2024-09-08,97.31,98.85,97.25,98.36,98.07,69560315
610,2024-09-15,98.3,99.15,98.18,98.88,98.59,34976956
611,2024-09-22,98.99,99.18,98.18,98.42,98.13,46409904
612,2024-09-29,98.22,98.5,97.84,98.39,98.1,38762304
613,2024-10-06,98.32,98.47,96.42,96.47,96.47,48757551
614,2024-10-13,96.11,96.27,95.53,95.86,95.56,34250354
615,2024-10-20,95.46,96.46,95.41,95.94,95.64,27263941
616,2024-10-27,95.57,95.6,94.74,94.89,94.6,30923874
617,2024-11-03,94.91,95.17,93.64,93.67,93.67,44586683
618,2024-11-10,94.32,94.48,93.01,94.2,94.2,59568744
619,2024-11-17,93.92,93.96,92.9,93.32,93.32,42944709
